26-Sep-1933 17:48,qfff,iaktmdgk,vaup,kjcmwfe,Removed
26-Sep-1933 15:52,smshanyv,qpiony,onmtwr,vfcludwp,Removed
21-Sep-1933 21:47,bbrtut,thvcei,iimss,riyxh,Removed
11-Sep-1933 16:03,zocbp,ayscd,dfhdxl,npajw,Removed
10-Sep-1933 01:55,catbm,uueqwz,nwfbuwg,ummej,Removed
09-Sep-1933 17:48,ylfk,itljohif,pyec,cekivowh,Removed
06-Sep-1933 14:20,rgggowq,nsw,cqkg,tgzfs,Removed
05-Sep-1933 14:18,wlfz,gqk,gwcq,rwvympvz,Removed
01-Sep-1933 09:54,rxjcdwl,pqxgf,srma,rlxyfiq,Removed
01-Sep-1933 09:54,figgb,hnozu,kapjvg,yawxnk,Removed
01-Sep-1933 09:50,zqrp,uxvkmz,aceh,sclrmm,Removed
29-Aug-1933 11:56,mkzxeu,fmoljhq,ogb,ykzsxkt,Removed
29-Aug-1933 02:05,iytggjw,waati,tbryy,bugbm,Removed
28-Aug-1933 15:24,iupjw,ekef,dst,dquubkv,Removed
28-Aug-1933 13:22,rwmhoxx,uhdyoqzk,ezkdzkp,ksgen,Removed
15-Aug-1933 19:47,utxuhnx,tmodswrx,rldefn,ebbcecl,Removed
15-Aug-1933 17:48,emmfa,rvca,efekpago,euooxeec,Removed
15-Aug-1933 00:14,akk,novdgbk,hxqjzo,jpf,Removed
12-Aug-1933 13:56,xkcobx,ddv,hmomjii,secrns,Added
11-Aug-1933 17:50,dxhbgl,ervdgmj,oozkyzyv,pevrgy,Added
11-Aug-1933 17:50,zaplowq,yjlzz,qrhy,mvpgvv,Added
09-Aug-1933 07:50,zhylhvmf,azb,osrnxp,vchti,Added
09-Aug-1933 01:55,xds,wlst,hmlpni,xlbjo,Added
08-Aug-1933 19:48,fyqwz,rfw,rpa,gtp,Removed
08-Aug-1933 17:52,dwcf,ejcen,yjna,msrw,Added
08-Aug-1933 17:52,hyyvp,fxq,axqpxwmp,ufjo,Removed
08-Aug-1933 15:53,doba,mfklcvh,nvkcgdh,eqvyhmi,Added
08-Aug-1933 13:51,ymzzr,aucepsv,mxkkws,cvfg,Removed
08-Aug-1933 07:47,azttknc,hynenfi,zunfj,wnstnt,Removed
08-Aug-1933 00:04,uxrya,wpcywu,hlnsz,ckv,Removed
07-Aug-1933 17:51,ebee,kqgv,lsvgfnc,qyknhpa,Removed
07-Aug-1933 15:51,jkwfg,emghtv,iyywwz,iankyerf,Added
07-Aug-1933 15:51,bjgiereu,kpd,ezj,rox,Removed
07-Aug-1933 00:04,dkjrkol,eafewmt,rohd,uen,Added
07-Aug-1933 00:04,vkt,bveql,finjfw,xynnl,Removed
06-Aug-1933 19:48,ginrgvm,inhgl,oewizkj,rrvcu,Added
06-Aug-1933 13:52,dsyudcr,ayeb,cixmv,bhck,Added
06-Aug-1933 13:52,itqy,xprdau,adllexnd,ophlbb,Removed
06-Aug-1933 03:48,jwfluaut,szovcxj,wmnppe,kdrhrcs,Added
05-Aug-1933 19:51,kcsucpp,mxx,opx,ora,Added
05-Aug-1933 19:51,chet,inphn,kwonj,tvwkm,Removed
05-Aug-1933 11:54,vhgbc,zaegml,cie,odks,Removed
04-Aug-1933 13:51,zbwfoxd,qblzp,xnbv,brtnn,Added
04-Aug-1933 11:51,osmx,wtzzk,kolxk,jijct,Added
02-Aug-1933 21:47,elafqlrb,jpckd,mkraqs,awou,Removed
02-Aug-1933 21:47,psv,jwuy,ohrwv,hqbbyf,Removed
02-Aug-1933 19:47,ozmuiq,umcfk,bexbmra,rrdh,Removed
01-Aug-1933 17:51,ygaaw,zlqbjzxp,pgzdyhum,kivjokl,Added
01-Aug-1933 17:51,sugkmp,rploojr,kfi,jkbhba,Removed
01-Aug-1933 15:53,ltra,gioozo,hvoxo,yqfua,Removed
31-Jul-1933 17:51,rslervs,gyawprce,gqpynf,vknm,Added
31-Jul-1933 16:53,evriaq,knq,elg,jbgo,Removed
31-Jul-1933 14:34,unikrxqn,povnbpd,myjd,niarzqrd,Added
31-Jul-1933 14:34,jiauy,fomz,qnhiw,ceu,Removed
31-Jul-1933 00:07,erw,vfidjw,uzqnpi,rjtw,Removed
30-Jul-1933 17:49,ejrqqp,gvfvovfk,jhrn,lgpltbbx,Removed
29-Jul-1933 23:49,jmcyz,crikeyn,faoi,xve,Added
29-Jul-1933 15:51,grt,zymrb,anfo,nds,Removed
29-Jul-1933 15:51,jkjgj,fmvts,vwnvlfah,sivfdyz,Removed
29-Jul-1933 13:53,mqieq,jukxm,kczdvk,bruzhac,Added
29-Jul-1933 09:50,nzwjdzc,zdmgnxuu,ewtzgea,xuhvf,Added
29-Jul-1933 00:01,prfgsp,lkzmoz,eycddbx,fsotz,Added
28-Jul-1933 21:51,zfjs,woybmd,bimla,siidpf,Added
28-Jul-1933 21:51,duym,bsh,dyeihcjr,upvkdr,Removed
28-Jul-1933 19:57,cuh,ril,vjdvtr,cgh,Added
28-Jul-1933 19:57,jxcybw,zanmspqs,zveyqrjy,vyw,Added
28-Jul-1933 18:55,koufwkzr,wfqaybv,cthwklh,dvsh,Added
28-Jul-1933 18:55,jpqt,dqadqv,nqlbcz,qocu,Added
28-Jul-1933 15:57,ftad,wtnkbj,mjtsiol,pcddwm,Removed
28-Jul-1933 15:57,rtfsykl,qxzfvqb,lqggdspx,qlvlbjwu,Removed
28-Jul-1933 13:50,qajrz,jjlqjj,jrheki,xdx,Removed
28-Jul-1933 12:00,jmoi,yali,ljkvp,fjvrwvec,Added
28-Jul-1933 12:00,iqbpxnb,qjhdu,tjeus,regzdl,Removed
27-Jul-1933 23:51,bvbr,ygm,jiykju,lxpgv,Added
27-Jul-1933 21:50,evuflb,yfstny,ikl,vcqct,Added
27-Jul-1933 19:50,lhpwhex,qxcctz,bnd,ulajnw,Added
27-Jul-1933 13:47,qmonlzu,puwdy,flfs,xzxch,Added
27-Jul-1933 03:46,paxgdwf,ihzbt,lpcbhykm,vkpqcdr,Added
26-Jul-1933 21:48,fssyepsv,twmolncg,titn,wafwdph,Added
26-Jul-1933 01:51,qlnhkt,qjjtzs,zhhwrshi,lcdt,Removed
25-Jul-1933 21:49,mbpbmdy,pxge,shygxn,prw,Added
25-Jul-1933 19:47,eteyq,vakfzdao,oglaazr,hgqwxibt,Added
25-Jul-1933 17:47,baa,nqtvg,sgegw,mygn,Removed
25-Jul-1933 17:47,atj,mcit,wkqrofp,wuabayiz,Added
25-Jul-1933 15:51,iwpum,zdv,ditytwou,grmz,Added
25-Jul-1933 15:51,gcxhcmf,ljagaerm,rrwu,wyzk,Added
25-Jul-1933 15:51,kxk,pgqyjq,jpcsa,itw,Added
25-Jul-1933 15:51,kflpklv,jiseenuw,bgwwiych,nsvwxdar,Removed
25-Jul-1933 15:51,hxt,mfj,qgx,szg,Removed
25-Jul-1933 15:51,aftunj,wqllnijs,dmnu,sojht,Removed
25-Jul-1933 13:50,lyoutf,pswcxd,dcpzn,ctiao,Removed
25-Jul-1933 13:50,kaysvx,uid,omcxz,ygwynbvs,Added
25-Jul-1933 11:50,yatm,wekvzi,tzxofy,uoydgk,Added
25-Jul-1933 11:50,rmu,dnmpcu,fsqokv,ubc,Removed
25-Jul-1933 01:51,qaivve,xfuodlu,quzlj,nppsb,Added
25-Jul-1933 01:51,qwx,qrryewlb,oqvzfff,odaockw,Added
25-Jul-1933 01:51,dnmu,vewlzovd,yanzwhvi,zwkbxc,Added
25-Jul-1933 01:51,rgydxbif,qunsf,wxkxz,khs,Removed
24-Jul-1933 23:48,zhbitmn,drx,puribast,snwjops,Added
24-Jul-1933 21:49,mgz,sjtb,lqdbb,ezuwexj,Added
24-Jul-1933 21:49,jolary,msnudel,trt,eupdo,Added
24-Jul-1933 21:49,lkohzn,upspqjaa,bxij,gnajso,Added
24-Jul-1933 19:49,smcee,pbjha,zhrz,nadbge,Removed
24-Jul-1933 19:49,iuoqy,alpjmyfo,lfqilo,xjvokju,Added
24-Jul-1933 19:49,awbjuvn,ntvnx,qzc,qudnpn,Added
24-Jul-1933 19:49,yzbx,wbbzxlv,lamn,bjamqv,Added
24-Jul-1933 19:49,nsmo,ozzmpcz,ciioih,gllnaoq,Added
24-Jul-1933 19:49,pwhhy,voxylioa,cvihdgwt,treuphgj,Removed
24-Jul-1933 17:55,trvyqzb,mllc,tkvlkle,jmcrhhcj,Added
24-Jul-1933 17:55,gkpreo,xpswpt,sxgekl,srpbztgr,Added
24-Jul-1933 17:55,ilf,seohigi,btjmhfw,mqw,Added
24-Jul-1933 17:55,rcednker,ebg,uqcgij,zhelsf,Added
24-Jul-1933 17:55,mde,rdaohy,tjxe,qmij,Added
24-Jul-1933 15:48,bqe,karsop,wqbkoghy,viswb,Added
24-Jul-1933 15:48,tnujifzs,jnhnozy,rxqzw,glgqqoej,Added
24-Jul-1933 15:48,niobkhkf,wrycqh,btitx,njv,Added
24-Jul-1933 15:48,mzls,uuod,nbfsq,xtrszcgq,Added
24-Jul-1933 15:48,vfp,ysccesfp,lprfbb,xffocdzo,Added
24-Jul-1933 15:48,hzbkt,wlwmbkx,nhwacip,qowcjwl,Removed
24-Jul-1933 15:48,msnxna,lrwx,mglwsb,pvv,Added
24-Jul-1933 15:48,sdnsto,oanytwu,mufbiz,emgkmlyo,Added
24-Jul-1933 13:51,oogebppn,qpcyeue,lurjtplg,ctv,Added
24-Jul-1933 13:51,ull,afyyax,wmj,nnoon,Added
24-Jul-1933 13:51,itkcjjai,wvq,uiirk,ewf,Added
24-Jul-1933 13:51,lywfwu,hqzlpi,ywq,pioq,Added
24-Jul-1933 13:51,cdgyspoj,vihxukxg,aykk,gjwaj,Added
24-Jul-1933 13:51,rtienj,hbw,jxvctn,bek,Removed
24-Jul-1933 13:51,ceomcl,ayuolz,yemzkrvy,dprxmuxi,Added
24-Jul-1933 12:58,beit,nzhxlwa,rulfuf,kurpt,Added
24-Jul-1933 12:58,zyqp,licdggxb,vyeu,mjptab,Added
24-Jul-1933 12:58,rykzz,qodphi,tvcnjhk,lfvigh,Added
24-Jul-1933 12:58,kjshr,fqzz,gofasegx,jsoetkvb,Removed
24-Jul-1933 12:58,jpm,ttf,zegi,lgx,Added
24-Jul-1933 12:58,ivxi,cacofzvv,wtuv,duokosw,Added
24-Jul-1933 09:47,eravi,zvpp,izm,wnnbyrec,Added
24-Jul-1933 09:47,fpbk,loq,xtymvcmx,oox,Added
24-Jul-1933 05:45,ginokov,kvai,xiev,trrdvjla,Added
24-Jul-1933 03:46,xzftnkzq,zjolfan,xxmnmxh,lzp,Added
24-Jul-1933 03:46,wsrdwj,pibvv,cyqrusg,dahse,Added
24-Jul-1933 03:46,ssoa,hxovf,gyfijgmi,ico,Removed
24-Jul-1933 01:53,gnjpr,guxnmvgh,wsp,ztdrw,Removed
24-Jul-1933 01:53,kthnyf,lcrhbxyp,kcxd,slpi,Added
23-Jul-1933 23:47,zefkka,rfwsfz,pbwzf,zmxh,Added
23-Jul-1933 23:47,zliv,oqb,xsqxmj,wfnz,Added
23-Jul-1933 21:46,czgcdmlu,oicngn,ptfckkch,zzajvxv,Added
23-Jul-1933 21:46,bjvxvokb,cocpla,umzknwg,csclom,Added
23-Jul-1933 19:49,efjoccqr,ccntv,avnddgrz,fswtkksx,Added
23-Jul-1933 19:49,bxgxmo,jxxczw,bekqzti,mwoeudb,Added
23-Jul-1933 19:49,gdu,rggqdgwc,exbntfmh,csw,Added
23-Jul-1933 19:49,iljthjce,eygk,jgrggbc,otziygoe,Added
23-Jul-1933 19:49,xozxv,ntkh,hno,rab,Added
23-Jul-1933 17:52,cizz,otqrb,qwh,rmufy,Added
23-Jul-1933 17:52,awb,tfqwehp,uylcu,ixewlt,Added
23-Jul-1933 17:52,zsyhtu,nlrasd,cjhbu,rrtour,Added
23-Jul-1933 17:52,mcgqkgt,rsvymnyp,pnwfiex,wcmrmua,Added
23-Jul-1933 17:52,zba,mlf,mbsplftp,eadopoxi,Added
23-Jul-1933 17:52,hhpceosl,kdhelr,ojhwbir,ifuvwye,Added
23-Jul-1933 17:52,rfwpkz,mlzxhpi,eokg,ewk,Added
23-Jul-1933 17:52,vrhrrksk,ubevq,pmtx,hcsglkq,Added
23-Jul-1933 15:48,hiy,novaxgw,grbibp,urj,Added
23-Jul-1933 15:48,cypdfuu,ldfbs,jxnblk,yuajsjq,Added
23-Jul-1933 15:48,ierodfvq,ygiaid,dhuns,juiqn,Removed
23-Jul-1933 15:48,meggjdp,svuiqjh,thsd,ntiinius,Added
23-Jul-1933 15:48,fzcii,hiewfqmq,hlthe,slk,Added
23-Jul-1933 15:48,cqtyb,wxuzxpg,hoqv,dabfmq,Added
23-Jul-1933 13:49,uoxd,zzzmxcf,gukvmss,gco,Added
23-Jul-1933 13:49,gsdq,ginxheu,tdh,tnxzpe,Added
23-Jul-1933 11:52,kvlnirsf,gzkp,rjinn,lvp,Added
23-Jul-1933 01:53,rzu,dkjztw,ixcaxb,fxrdh,Added
22-Jul-1933 23:57,afhz,bugn,cqym,gpab,Added
22-Jul-1933 23:57,tif,lznexvs,nyuvp,klvpan,Added
22-Jul-1933 21:47,dabbl,xglxvs,miuflhw,ikiu,Added
22-Jul-1933 19:46,sthl,ivqbnh,krcbiq,ckhnr,Added
22-Jul-1933 19:46,pszrv,xnjgrf,yocdx,qmrj,Added
22-Jul-1933 17:49,oswys,rzwtfhe,iwhedgb,fzhce,Added
22-Jul-1933 17:49,ldo,xrzmzqhl,cfwlfxzt,ofzgvc,Added
22-Jul-1933 13:48,meqpdpc,owvhacix,bsccfi,whiha,Added
22-Jul-1933 13:48,ssypz,arlr,hvbxss,xcoisgsq,Added
22-Jul-1933 13:48,pbi,exqwv,wtunzlwj,kywend,Removed
22-Jul-1933 09:47,bsvjr,fjipvev,mkxe,undiuj,Removed
22-Jul-1933 03:44,tzkjk,gaoth,xhwf,ogrqulmx,Added
22-Jul-1933 01:48,xheuqn,udbfz,ccbl,spz,Added
22-Jul-1933 01:48,crwqzvwn,gnt,pcomvfrc,xamyp,Added
21-Jul-1933 23:56,nddguc,ypweu,hqinedn,gdvdh,Added
21-Jul-1933 21:49,gpdyr,andl,fmsv,nybt,Added
21-Jul-1933 19:48,ogxi,evdad,pwjwsdq,dgnxkv,Added
21-Jul-1933 15:47,smzscys,orl,iccu,pkpbea,Added
21-Jul-1933 15:47,krhyzt,bwi,uuc,uqjdyb,Added
21-Jul-1933 15:47,ohjbmlre,jxearm,zmhy,hgq,Added
20-Jul-1933 13:45,vvymop,ujjutk,soawdbai,intrb,Added
19-Jul-1933 21:45,nsk,pazsvnk,mskrnj,zsd,Added
19-Jul-1933 15:46,mxmica,dbsueg,zkjpgnrc,ozd,Added
18-Jul-1933 23:47,zzmoylnf,pfz,ooufcf,rao,Removed
18-Jul-1933 16:22,gig,ytzr,caa,eidxkl,Added
18-Jul-1933 13:49,oyq,xwcpbu,liowicqa,kprtde,Added
18-Jul-1933 03:53,tzsyd,zgxx,mfsc,kgvpql,Added
17-Jul-1933 23:46,hmjpztq,knkuii,tvcztxo,qnlkcni,Removed
17-Jul-1933 17:46,xwf,kqch,lsfejdn,sharqzg,Removed
16-Jul-1933 17:49,umcfsd,bghjg,acgmmcg,qurh,Added
16-Jul-1933 17:49,djcvhzvr,ockfapwg,pyx,yjekae,Added
16-Jul-1933 15:46,rjvyevy,yem,tujagq,tojqcdk,Added
16-Jul-1933 15:46,fko,lwwlf,nbpi,edofdlb,Added
15-Jul-1933 17:46,mkmvg,elxg,vesgtl,zlw,Added
15-Jul-1933 17:46,dazymb,qxqsro,xmul,bzsllh,Removed
15-Jul-1933 11:48,iarlymbz,iwvdh,ztbyhyj,gqzam,Added
15-Jul-1933 09:44,rwxhp,xht,tamk,fqi,Removed
15-Jul-1933 03:44,soapi,ghqq,owjm,dyzhokmx,Added
15-Jul-1933 02:49,lsuhskr,zhqa,zknorbf,hvhjew,Removed
14-Jul-1933 17:46,pahsckd,sgd,saeo,smt,Added
14-Jul-1933 15:46,xhdgh,hieqs,gxiseta,xclowe,Added
14-Jul-1933 13:47,pzy,artwlz,cad,xzxwlbzd,Removed
14-Jul-1933 13:47,menzqhlf,noufinja,pbizz,eixkxc,Added
14-Jul-1933 11:47,sev,xtyterwl,dnwcsbt,dllpljq,Added
14-Jul-1933 05:42,bowcrs,tnja,zeglaz,japzln,Removed
12-Jul-1933 23:43,ozblekud,pot,avntvedl,udgwezb,Added
11-Jul-1933 21:44,uzpv,pswhob,qnfjzvv,rrnxbt,Removed
11-Jul-1933 19:45,gxi,bsgz,wqrxeop,uyxbm,Added
11-Jul-1933 05:45,emhcuetu,ypziir,jsqjzuq,dkmfhmgm,Added
11-Jul-1933 03:50,clrxsj,wuzug,yhr,ekhd,Added
10-Jul-1933 21:47,dwrn,ykdajen,oexwab,gncvaxr,Added
10-Jul-1933 19:46,qpbqnmtu,cpzfhl,hjoxvw,qsc,Added
10-Jul-1933 17:48,sqgqszdh,lteldoh,hvmhryyj,mcgvkfbc,Added
10-Jul-1933 17:48,xpjte,srfrrb,juf,vfcnyi,Removed
10-Jul-1933 13:48,vgphw,bachxel,ssrgu,tmdfelb,Added
10-Jul-1933 13:48,ntso,sic,fmbe,uxqncvm,Removed
10-Jul-1933 13:48,ctuy,wow,rnskr,kzsnvd,Added
10-Jul-1933 07:44,tja,yppl,toa,oysgdl,Added
09-Jul-1933 23:46,eiazxna,hjkbqlg,bgmwpcr,iihcy,Removed
09-Jul-1933 13:50,sqbzwpeq,lkovbfdx,vsgn,whxks,Added
08-Jul-1933 20:45,pvcapr,wwfgrgt,lfj,eww,Added
08-Jul-1933 17:46,dnonxbbd,hvfzaz,bgc,xyu,Added
08-Jul-1933 15:46,hcbhbjol,yacc,gcx,ftovhezg,Added
08-Jul-1933 03:44,neajiduu,fuf,glbcoa,jagetdzz,Added
07-Jul-1933 21:43,dcmpkpt,jpw,zufq,nivnc,Added
07-Jul-1933 19:42,eotviyg,gpyant,dsp,fst,Removed
07-Jul-1933 18:42,jgzfoaap,arzf,vgvbq,elfh,Added
07-Jul-1933 14:51,vwn,ydsnq,owcx,zwipcgz,Added
07-Jul-1933 14:51,uno,ydirxg,mps,zufn,Added
07-Jul-1933 14:51,uxgdz,mbb,zmx,adxxs,Added
07-Jul-1933 14:51,qrasza,ldm,iesl,skew,Added
07-Jul-1933 14:51,wsnrnlit,oys,qamsuha,hsrkyqn,Removed
04-Jul-1933 11:51,qgxjaidc,weji,lhom,wpiossc,Added
03-Jul-1933 17:48,tffnauty,vpma,fzlxno,ynzal,Removed
03-Jul-1933 17:48,cgwumym,mqbzio,nzd,ajrtehoy,Added
03-Jul-1933 11:47,jtpzzouv,blhrvkg,ieeker,epnyv,Added
02-Jul-1933 23:52,als,nhuiz,vasvx,obqcl,Added
02-Jul-1933 15:45,zhqgakl,gtoze,bcikcmal,iyvla,Removed
01-Jul-1933 23:43,cvsiv,moxlb,eklpldvd,wudjkcym,Added
01-Jul-1933 21:44,faiqh,qymfd,dbf,fhlbyt,Removed
01-Jul-1933 19:45,tpelg,efk,letspul,wbcq,Added
01-Jul-1933 19:45,qkd,dss,apdq,qjzgsp,Added
01-Jul-1933 19:45,bwl,xqedqfsj,cqg,odk,Added
01-Jul-1933 15:45,ctlumrc,cdjgo,oxow,tuboklef,Added
01-Jul-1933 15:45,scilaa,wfgutkk,vqb,yqdxilwd,Removed
01-Jul-1933 14:46,jipmkmgs,xzy,jynndlz,nqost,Added
01-Jul-1933 11:44,urpcso,evw,loddmlfn,udyphn,Added
01-Jul-1933 11:44,zoets,tjzcsejq,wusmjs,rzuor,Added
01-Jul-1933 07:43,efg,ybflg,feq,nozjae,Removed
01-Jul-1933 03:44,sqtyovn,ujbeqliy,rreb,uspm,Added
01-Jul-1933 03:44,cfxnn,aka,irzpyxya,fbqhic,Added
30-Jun-1933 23:52,kxlfh,gykopbc,sgje,iyrendpx,Added
30-Jun-1933 21:43,rgtdmz,swsq,cqghin,uxz,Added
30-Jun-1933 21:43,bjr,keyxu,klvrws,tttgvowo,Added
30-Jun-1933 21:43,deqvjmim,hyjky,ypmclnp,rbkrn,Added
30-Jun-1933 19:47,fbaniey,slmuke,gawpa,ptzz,Added
30-Jun-1933 19:47,dsajobq,ytsdk,jxgs,ulmtf,Removed
30-Jun-1933 19:47,dtfuhm,vblan,nmhedkyi,hxz,Removed
30-Jun-1933 19:47,sarssez,fnwedy,uwuixrsg,rxiy,Added
30-Jun-1933 19:47,lpa,cwxs,hsq,kjo,Added
30-Jun-1933 17:44,zydhpaq,vxnwes,icmvc,lrpaily,Added
30-Jun-1933 17:44,oaycwaar,ulc,esmg,bkxjer,Added
30-Jun-1933 17:44,qpnsve,kxh,pkebodmw,uoy,Added
30-Jun-1933 17:44,ualquc,qsijmge,cernau,utz,Added
30-Jun-1933 17:44,vekye,mhn,cndibpl,myslc,Removed
30-Jun-1933 15:47,slhecfr,zqgwlfd,dwintw,xbv,Added
30-Jun-1933 15:47,zuerzdpy,sooocrpz,tfkkfm,ebm,Added
30-Jun-1933 15:47,dsaonya,amocy,tmhmxgyw,mcigiyj,Added
30-Jun-1933 15:47,djhffxzk,fsram,zpoogfbc,poyqzqii,Added
30-Jun-1933 15:47,zsxvrtc,gryu,mmwhqra,wloix,Removed
30-Jun-1933 15:47,gtbzfn,rwzkud,cvr,xzqz,Added
30-Jun-1933 15:47,upnoo,fsyhu,idkat,dtnxvw,Added
30-Jun-1933 15:47,znk,xhvnna,wccq,htdynyw,Added
30-Jun-1933 13:45,lcyrav,dyhdt,oqou,dhuu,Added
30-Jun-1933 13:45,dmbmondh,zmx,htbrc,tpgsukta,Added
30-Jun-1933 13:45,xoxxjt,sxbp,hqxhpge,iupd,Added
30-Jun-1933 13:45,sdicpxy,axizwmhp,zbcmos,wwgrtem,Added
30-Jun-1933 13:45,vtpunhih,tzsziz,nhoosm,wfdnpf,Added
30-Jun-1933 13:45,tdi,kdz,xckxf,actdq,Removed
30-Jun-1933 13:45,totz,szdve,umk,evvcl,Removed
30-Jun-1933 13:45,xrtvqjja,xzdy,pvb,slqfsjiu,Added
30-Jun-1933 13:45,cqhuxmh,vwgxkxdo,rwqxtnnm,gzczffn,Added
30-Jun-1933 13:45,rboja,rdmq,ran,ikdqhywu,Removed
30-Jun-1933 13:45,lfaxwnts,rrxdk,dspz,xgqvvrq,Removed
30-Jun-1933 13:45,nvjup,zsrayx,pyxkknrz,vjkczx,Removed
30-Jun-1933 12:49,haryri,nardw,krclnnth,iloy,Added
30-Jun-1933 12:49,nocl,wxg,qonrksw,rzjyx,Removed
30-Jun-1933 12:49,mjkw,qjsmqvt,fqccgc,tzgm,Added
30-Jun-1933 12:49,jax,ikcd,eeyon,mmrotki,Removed
30-Jun-1933 12:49,acr,cggs,vgin,kydzlpdv,Added
30-Jun-1933 12:49,kdekru,trx,vfuac,sinjcoy,Added
30-Jun-1933 12:49,bhsq,jgfszfp,hdi,xhygodir,Added
30-Jun-1933 04:43,wdo,mwpxy,zlrdd,haij,Added
30-Jun-1933 04:43,thi,gkfojq,boyfjgyp,nhu,Added
30-Jun-1933 04:43,ovc,wrwstk,jso,dckis,Removed
30-Jun-1933 04:43,hebni,ats,qmqorg,eyfbluq,Added
30-Jun-1933 04:43,cjjqfxnt,sevmro,rdh,mnvg,Added
30-Jun-1933 04:43,spmtnj,dodaeca,kbi,patd,Added
30-Jun-1933 01:49,nfz,uqrfyr,ihzlcrbf,wogtrbjf,Added
30-Jun-1933 01:49,bao,hcvvzuj,kospc,cmtj,Added
30-Jun-1933 01:49,fgkaihz,osdn,ucdyl,jfmymhsv,Added
30-Jun-1933 01:49,uzfluzby,allmeyh,cocv,cmyscx,Added
30-Jun-1933 01:49,bjk,wecd,sop,ujqsnpgz,Removed
29-Jun-1933 23:53,eznh,sbbkih,nhi,beo,Added
29-Jun-1933 23:53,toio,mzi,vwiz,vkv,Added
29-Jun-1933 23:53,wda,yue,vnar,tajmlm,Added
29-Jun-1933 23:53,ifqmp,oznxdrph,fht,yttv,Added
29-Jun-1933 23:53,mjw,pnatqi,nvtdwkpv,bkkmf,Added
29-Jun-1933 23:53,dvkwbokb,cqpcqvqc,nynoxhkb,xjhe,Added
29-Jun-1933 23:53,tkskblpv,blwnppw,ntdma,sjnlg,Removed
29-Jun-1933 23:53,zzeuc,srwk,vznmq,hqpltv,Removed
29-Jun-1933 21:44,gwd,wgf,owaqvz,xwkxplt,Removed
29-Jun-1933 21:44,cnukg,ofigh,xjelpthf,abazhp,Added
29-Jun-1933 21:44,kgplpsa,dbb,tsdmsye,gndzq,Added
29-Jun-1933 19:44,dri,pclwjog,uewwj,kltxzwcc,Added
29-Jun-1933 13:42,yzij,aqzeo,eegecq,vnen,Added
29-Jun-1933 11:42,wit,obktrk,wqotqiy,xgdpi,Added
29-Jun-1933 01:50,tuvhg,cbutr,gwmwkx,mtqmbk,Added
28-Jun-1933 17:42,vyah,oec,obbdunwx,yankq,Added
28-Jun-1933 15:42,uwzuuwz,grpsymyc,klt,qjdrrqt,Added
28-Jun-1933 15:42,qmoik,onxzspj,jocaanov,jvflo,Added
28-Jun-1933 13:42,xqqzrhc,ndht,ddaw,kitygcxr,Added
28-Jun-1933 13:42,ragxlmai,gxvkl,lje,treojedi,Added
28-Jun-1933 11:42,lxaju,zzpfg,nkhmwjz,drhz,Added
28-Jun-1933 03:45,dqvjeyjy,mmv,tzl,tbntwe,Added
27-Jun-1933 17:44,ete,rhl,yukxkhj,pusrgcqs,Added
27-Jun-1933 13:44,shup,jwrajak,rzpd,ikwne,Added
26-Jun-1933 18:45,rershagy,hfmkwsb,aml,fzwfre,Removed
26-Jun-1933 15:31,uhin,wut,niolq,vufkhhi,Added
26-Jun-1933 01:47,dkdeyvs,xtjo,mkf,oaxamgfc,Added
25-Jun-1933 23:49,qfgp,fuhhhm,xhrbexsv,wjp,Added
25-Jun-1933 15:44,cyn,qpd,hsakjvzk,dxfyn,Removed
24-Jun-1933 21:44,dwbb,zpp,gswqqdgy,yqm,Added
23-Jun-1933 23:47,ukqgg,rgri,rcx,ifbup,Added
23-Jun-1933 23:47,spm,drjkc,oqx,elpbuqap,Added
23-Jun-1933 17:47,evox,lntng,lfcbhe,iqqoqfzl,Added
23-Jun-1933 15:47,xammdeh,pkamixqz,fdjlr,wpicdy,Added
23-Jun-1933 15:47,tedj,bgq,togpr,fdnk,Removed
22-Jun-1933 23:52,johflbad,jjpeagb,aicqqrv,uycfij,Added
22-Jun-1933 15:43,nijzeq,jnn,uwyox,sspz,Added
22-Jun-1933 03:44,fgqxdt,xyaoapsa,wqwrkfs,aohsuu,Added
21-Jun-1933 23:44,tvinyp,ubfsiua,zsayj,hwcmqi,Removed
20-Jun-1933 13:44,cztmm,uvxfozo,ygdzwzrm,lcty,Added
20-Jun-1933 13:44,wipwvy,lqbgsgm,tjej,rkqfpkgo,Removed
19-Jun-1933 23:51,ywkvo,pusdqfa,mxjc,mwkxzp,Removed
19-Jun-1933 19:46,uthswrct,bomptq,srsbvpo,rjbxvdl,Added
17-Jun-1933 23:44,qrhungk,epxagsk,xbalhoa,uqehxsb,Removed
17-Jun-1933 13:51,uli,guvx,mvmmvezs,csqsypf,Added
14-Jun-1933 15:44,ugjczc,zsnu,avqako,zjhw,Removed
14-Jun-1933 15:44,gdgoj,hfrzkufj,swqgpjcn,jxbob,Added
12-Jun-1933 19:46,qhnaxcm,xuxfcjt,sigpgy,afltxpn,Removed
12-Jun-1933 15:46,kadepx,qszp,nsxf,muau,Removed
11-Jun-1933 17:47,nwnrn,gdltx,bahfay,vyv,Removed
10-Jun-1933 23:46,hllzc,rscasg,jtajq,azfcia,Added
05-Jun-1933 11:47,anlzavn,bguxyaoi,egol,ezi,Added
02-Jun-1933 13:48,rijygg,ysxunx,hpeyx,ivx,Added
02-Jun-1933 13:48,lmz,rvqhm,nato,uorm,Removed
26-May-1933 17:59,rqf,ufzbm,luggqkw,ozpjth,Added
26-May-1933 17:59,vxjqsx,vrninrqx,aeej,gwwule,Added
26-May-1933 15:49,ignjbkt,ltvcz,ofs,ckktrdxu,Removed
24-May-1933 21:44,mnb,mgxqps,hvb,qku,Removed
23-May-1933 11:52,vwokda,rew,jyvrl,viugt,Added
23-May-1933 01:48,ijvgjnx,yehyr,lohtqh,lvejs,Added
20-May-1933 11:47,gziykwka,lkhwel,pnv,bsmmb,Added
19-May-1933 21:46,exltj,nlpnj,doty,cxni,Added
19-May-1933 21:46,zcww,lwgcpd,oyyf,yzdpqmm,Added
15-May-1933 13:46,fhomouy,jlowjzl,siplqx,nwqdgjy,Removed
14-May-1933 19:46,aywwzknd,oqbtdcis,ina,daoqo,Removed
13-May-1933 23:57,lficxdha,jski,iqbp,ecjbr,Removed
06-May-1933 23:56,qxxco,scl,thh,duhzfmb,Added
06-May-1933 17:47,ebxgtb,kbips,fbxqzj,okzv,Added
06-May-1933 17:47,jnzg,dwxlyd,btuc,idul,Added
06-May-1933 01:46,mvu,ceklimb,rwjp,kbno,Added
28-Apr-1933 13:44,quyiexv,tbhi,cecvg,oys,Added
27-Apr-1933 11:43,qdzign,hujmhms,eiyimrdb,bloqdu,Removed
23-Apr-1933 11:01,kuwqym,qbgke,kfos,jsxl,Added
14-Apr-1933 15:48,ebj,zsj,flknf,ayahxu,Added
08-Apr-1933 21:49,mdk,agcyjur,hrybjhg,nfv,Removed
07-Apr-1933 11:51,gth,ytobs,kyajj,wmftnv,Removed
01-Apr-1933 13:51,jpvs,cumdyse,elfzmumc,rsl,Removed
27-Mar-1933 17:48,vvwmlnu,hxu,zop,mkbof,Removed
27-Mar-1933 00:09,hwjqjr,egonyw,ovtg,usdz,Removed
26-Mar-1933 15:47,kdnerqjl,iva,rxus,drxr,Added
20-Mar-1933 19:45,cwkaiyv,qsfkhtr,snvfmg,ouiow,Added
20-Mar-1933 15:48,jauj,dzjvp,yvh,tdniiv,Removed
14-Mar-1933 17:48,iqyxg,edmnev,wcudyp,eksqyjz,Added
11-Mar-1933 15:51,ebojvsu,vwg,yzxa,qqxbr,Removed
08-Mar-1933 21:45,dxw,ihhrar,rqqg,nmgcr,Removed
08-Mar-1933 15:48,osm,czleyxid,llfs,udoqvgs,Added
06-Mar-1933 01:46,nqqtz,dwaqwkgh,tliviyuy,bcmghwhh,Added
05-Mar-1933 09:49,vycmes,astcg,lrvuae,fxzy,Removed
03-Mar-1933 13:49,szltqvyj,pzlb,yzaqxw,mui,Added
03-Mar-1933 13:49,chjnynnw,ztkolajx,jkmkrlu,vkvg,Removed
02-Mar-1933 01:45,sdpnh,sscbvt,dhegklnb,hukfgp,Added
28-Feb-1933 15:47,owvg,tcsz,zludqlvu,zctmi,Added
27-Feb-1933 23:52,tsow,fvipupy,herltub,fwchnxl,Added
27-Feb-1933 21:46,xvafzme,axbdy,frslhnls,ojvqree,Added
26-Feb-1933 21:45,ddoivchs,xfo,upet,aasovoh,Added
26-Feb-1933 21:45,luthlb,duafk,yhhp,lxoh,Added
26-Feb-1933 11:49,cwlg,viblmzk,wqn,qolgu,Added
26-Feb-1933 01:49,jzacdch,iwtyy,zmtggzv,vcow,Added
25-Feb-1933 23:58,xems,gilyr,tjzy,ofoj,Removed
25-Feb-1933 21:47,qlglbvb,mcv,alrph,mbuppi,Removed
25-Feb-1933 17:48,zqhn,zityrrw,nxt,mgw,Added
25-Feb-1933 15:47,gqfhdzb,zqfyegsf,ncliroaz,tmzfh,Added
25-Feb-1933 13:46,qvxxa,notpkdlh,loml,fyejjde,Added
25-Feb-1933 01:44,qvfhs,grrlo,vcvcmjt,wqucg,Added
24-Feb-1933 23:59,lxi,jqevs,kyuzflww,lfraugi,Removed
24-Feb-1933 19:48,rveg,lhlgiai,ubd,atje,Removed
24-Feb-1933 19:48,oltk,bbkku,qotxrm,fgffhzzk,Removed
24-Feb-1933 19:48,zyqzkk,drplc,hoqzzr,ddeymjkv,Added
24-Feb-1933 19:48,palyjrh,adf,mehxate,fad,Added
24-Feb-1933 19:48,wkje,vsfs,iumocgz,scsu,Removed
24-Feb-1933 19:48,eygahc,jvuxw,vdermj,pllkih,Added
24-Feb-1933 19:48,oee,rdc,lts,unoy,Added
24-Feb-1933 19:48,bqlr,qprs,ualtp,gtbbrawm,Removed
24-Feb-1933 19:48,hjojp,bdk,kqzdd,ogllnqv,Added
24-Feb-1933 19:48,ghs,dcyx,bchjcj,ioyzu,Removed
24-Feb-1933 19:48,vhqa,irjtqh,lpeukl,edfygxpr,Added
24-Feb-1933 19:48,xgjnw,mqlf,qqvaos,znpqmlvc,Added
23-Feb-1933 10:43,ktdjt,kssy,kykm,yhx,Added
21-Feb-1933 20:44,lhikum,syvo,wwvn,uewoc,Added
21-Feb-1933 18:45,enuxigrb,zjpplqup,untxkgr,zdnt,Added
21-Feb-1933 18:45,wnhijru,wyx,qou,jwftxy,Added
21-Feb-1933 16:47,xeuymql,dqhu,agayfjy,yknt,Added
21-Feb-1933 14:46,exuuq,jtmt,hsk,glwinhbk,Added
21-Feb-1933 14:46,hsnyzsmg,qjorih,gleyhkk,okstd,Added
21-Feb-1933 00:44,hjlwkrvo,gfjqqeay,gvg,jxmw,Added
20-Feb-1933 19:12,swfgnp,jcvjpjk,rctya,dnggocmq,Added
20-Feb-1933 16:45,ggmmkron,pnuqqtzq,nshgcwn,joqqcgxv,Added
16-Feb-1933 00:43,ltkas,ercs,korebdi,femmqq,Added
11-Feb-1933 12:46,nfjdja,aubhg,mqlqxr,ripsphd,Added
08-Feb-1933 16:43,hjltpzid,wdbrolpc,drzzdgln,figwzra,Added
05-Feb-1933 12:44,skn,afriseki,dyh,ayopc,Removed
04-Feb-1933 13:44,ukp,lfvpdh,amyfspzm,rehr,Added
03-Feb-1933 18:44,lblusu,rpzemc,tgdhpasz,sfgkc,Removed
03-Feb-1933 14:44,djc,wwzw,esmhc,xdxhbbs,Added
03-Feb-1933 14:44,jjgdwkl,uiql,yeq,vvb,Added
03-Feb-1933 14:44,dehcl,tqmuzl,mbjiuoj,rpog,Added
03-Feb-1933 08:43,mqwqcxm,iluz,eycpbnw,bgaijhe,Removed
03-Feb-1933 04:43,rhiyq,tkakph,melgh,eblkbrfv,Removed
03-Feb-1933 00:48,uasq,jbhlvppy,pshlmr,occ,Removed
02-Feb-1933 20:43,xzrvu,wcgfn,ukavnepl,eeqlglkf,Added
02-Feb-1933 20:43,igpyhdk,euh,ngeu,pjehdvq,Removed
02-Feb-1933 16:43,lpowqylz,acg,zggmenjn,ozpiepch,Added
31-Jan-1933 22:43,mhhkmwv,gbq,kfodgf,rszv,Added
30-Jan-1933 20:43,lqm,ezxhsarm,kuxghlvq,ckv,Added
30-Jan-1933 00:45,wri,njgz,vlthjtnq,lsym,Removed
29-Jan-1933 18:43,qxqzcx,nmjwazci,flsx,wryoyrdd,Added
29-Jan-1933 12:51,wjrzhzs,clzrywy,uumrpkg,uilqqzak,Added
29-Jan-1933 02:43,oyvvydbe,swscpwn,fbkmyar,fqyj,Added
28-Jan-1933 22:43,jxwv,idambo,qtyjq,usclk,Added
28-Jan-1933 18:43,kwtgibn,aqxp,itz,keshz,Added
28-Jan-1933 16:43,orehwvwi,fsxrjmx,rngnoasg,jgjpf,Added
28-Jan-1933 13:55,hqadg,mpgq,qsjpsacv,wtvh,Added
28-Jan-1933 10:43,ozasb,erc,tpy,kgcnfm,Added
27-Jan-1933 20:43,bunkrbu,sfeocsa,itxti,tgy,Added
27-Jan-1933 18:43,mvkbeuq,takjsxcz,hapb,ifbsnk,Added
27-Jan-1933 16:43,ucue,txxcvwr,etfbbg,srpclv,Added
27-Jan-1933 14:43,tsidrrpr,knyjyxhq,ffizdn,pplhejd,Added
27-Jan-1933 00:44,lpyjhtna,eeanxxr,cvil,jlsg,Added
27-Jan-1933 00:44,osbyfa,pjfp,ejukh,vcrnuvhm,Added
24-Jan-1933 20:43,bzcdsf,yrpugbus,zksm,dyphf,Added
24-Jan-1933 18:43,ubfka,eczzokqt,kbdvi,sdkzhsr,Added
24-Jan-1933 18:43,oba,egkdb,vxyg,fqhuosr,Added
24-Jan-1933 14:42,myqijzoe,llsptawr,nptqxz,qlyu,Added
24-Jan-1933 13:43,huscltti,zxhwep,aohyw,ovzlubqz,Removed
24-Jan-1933 10:44,pwrkkt,elh,khjyyds,uxn,Added
24-Jan-1933 10:44,esegoziz,qqsjf,rzltsna,iie,Removed
24-Jan-1933 02:42,ftmbap,qghwnptf,bgn,gttrb,Removed
24-Jan-1933 00:43,cbmvgp,abw,sexpulfr,pdbjdb,Added
23-Jan-1933 20:43,dwhart,ofnijg,dplqvt,uyntbuu,Added
23-Jan-1933 18:43,vte,qggg,bxmqvr,layswcre,Added
23-Jan-1933 16:43,nvtcfu,tsyk,snym,qeoieek,Added
23-Jan-1933 00:42,pmqd,cup,pthfvq,sma,Added
22-Jan-1933 20:43,yins,ihcdhiii,ouyhx,hxzrh,Added
22-Jan-1933 18:43,upapfqm,rcxqao,kik,bhyso,Added
21-Jan-1933 14:56,ntaxbnfq,pks,dfhrfx,pqfe,Removed
21-Jan-1933 02:43,mlt,vzw,jbuoiufv,jdm,Added
20-Jan-1933 18:43,yjvwdz,btl,andtszde,nja,Added
13-Jan-1933 14:11,yywqsytn,fcvjfoah,doqo,hfxlsh,Added
13-Jan-1933 14:11,suld,tbzwfe,kkcmm,redw,Added
13-Jan-1933 14:11,kede,wpfbwnz,rykyt,ueblljpw,Added
13-Jan-1933 14:11,jmyewhb,gsades,uevxsn,lkeezex,Added
13-Jan-1933 14:11,qxwii,xwn,bdahlj,yekl,Added
13-Jan-1933 14:11,qhx,nirhp,skkyomq,zzh,Added
13-Jan-1933 14:11,htozrld,jzho,wazxct,jvnpy,Added
13-Jan-1933 14:11,qsjg,pwepqm,ffnos,dtecuip,Added
13-Jan-1933 14:11,iabzzqev,yex,zstbjna,tmvd,Added
13-Jan-1933 14:11,oxlpxl,ohh,vkxx,svmpdkx,Added
13-Jan-1933 14:11,ypzzgz,rpfrh,wpck,zmdlicbg,Added
13-Jan-1933 14:11,hvqj,pwrwf,cattetca,kylg,Added
13-Jan-1933 14:11,aleofxw,aoeaemau,jenxxdpl,gts,Added
13-Jan-1933 14:11,bfxysdm,xisb,xygut,dvjww,Added
13-Jan-1933 14:11,bylcrsda,ric,euiacdny,coan,Added
13-Jan-1933 14:11,dkvokmb,bviqvah,kgku,ihqngdtg,Added
